類目代碼,類目名稱,說明,是否隱藏
6000000000,地區,,否
6001000000,台灣地區,無,否
6001001000,台北市,無,否
6001001001,台北市中正區,無,否
6001001002,台北市大同區,,否
6001001003,台北市中山區,,否
6001001004,台北市松山區,,否
6001001005,台北市大安區,,否
6001001006,台北市萬華區,,否
6001001007,台北市信義區,,否
6001001008,台北市士林區,,否
6001001009,台北市北投區,,否
6001001010,台北市內湖區,,否
6001001011,台北市南港區,,否
6001001012,台北市文山區,,否
6001002000,新北市,,否
6001002001,新北市萬里區,,否
6001002002,新北市金山區,,否
6001002003,新北市板橋區,,否
6001002004,新北市汐止區,,否
6001002005,新北市深坑區,,否
6001002006,新北市石碇區,,否
6001002007,新北市瑞芳區,,否
6001002008,新北市平溪區,,否
6001002009,新北市雙溪區,,否
6001002010,新北市貢寮區,,否
6001002011,新北市新店區,,否
6001002012,新北市坪林區,,否
6001002013,新北市烏來區,,否
6001002014,新北市永和區,,否
6001002015,新北市中和區,,否
6001002016,新北市土城區,,否
6001002017,新北市三峽區,,否
6001002018,新北市樹林區,,否
6001002019,新北市鶯歌區,,否
6001002020,新北市三重區,,否
6001002021,新北市新莊區,,否
6001002022,新北市泰山區,,否
6001002023,新北市林口區,,否
6001002024,新北市蘆洲區,,否
6001002025,新北市五股區,,否
6001002026,新北市八里區,,否
6001002027,新北市淡水區,,否
6001002028,新北市三芝區,,否
6001002029,新北市石門區,,否
6001003000,宜蘭縣,,否
6001003001,宜蘭縣宜蘭市,,否
6001003002,宜蘭縣頭城鎮,,否
6001003003,宜蘭縣礁溪鄉,,否
6001003004,宜蘭縣壯圍鄉,,否
6001003005,宜蘭縣員山鄉,,否
6001003006,宜蘭縣羅東鎮,,否
6001003007,宜蘭縣三星鄉,,否
6001003008,宜蘭縣大同鄉,,否
6001003009,宜蘭縣五結鄉,,否
6001003010,宜蘭縣冬山鄉,,否
6001003011,宜蘭縣蘇澳鎮,,否
6001003012,宜蘭縣南澳鄉,,否
6001004000,基隆市,,否
6001004001,基隆市仁愛區,,否
6001004002,基隆市信義區,,否
6001004003,基隆市中正區,,否
6001004004,基隆市中山區,,否
6001004005,基隆市安樂區,,否
6001004006,基隆市暖暖區,,否
6001004007,基隆市七堵區,,否
6001005000,桃園市,,否
6001005001,桃園市中壢區,,否
6001005002,桃園市平鎮區,,否
6001005003,桃園市龍潭區,,否
6001005004,桃園市楊梅區,,否
6001005005,桃園市新屋區,,否
6001005006,桃園市觀音區,,否
6001005007,桃園市桃園區,,否
6001005008,桃園市龜山區,,否
6001005009,桃園市八德區,,否
6001005010,桃園市大溪區,,否
6001005011,桃園市復興區,,否
6001005012,桃園市大園區,,否
6001005013,桃園市蘆竹區,,否
6001006000,新竹縣市,,否
6001006001,新竹市,,否
6001006002,新竹縣竹北市,,否
6001006003,新竹縣湖口鄉,,否
6001006004,新竹縣新豐鄉,,否
6001006005,新竹縣新埔鎮,,否
6001006006,新竹縣關西鎮,,否
6001006007,新竹縣芎林鄉,,否
6001006008,新竹縣寶山鄉,,否
6001006009,新竹縣竹東鎮,,否
6001006010,新竹縣五峰鄉,,否
6001006011,新竹縣橫山鄉,,否
6001006012,新竹縣尖石鄉,,否
6001006013,新竹縣北埔鄉,,否
6001006014,新竹縣峨眉鄉,,否
6001007000,苗栗縣,,否
6001007001,苗栗縣竹南鎮,,否
6001007002,苗栗縣頭份市,,否
6001007003,苗栗縣三灣鄉,,否
6001007004,苗栗縣南庄鄉,,否
6001007005,苗栗縣獅潭鄉,,否
6001007006,苗栗縣後龍鎮,,否
6001007007,苗栗縣通霄鎮,,否
6001007008,苗栗縣苑裡鎮,,否
6001007009,苗栗縣苗栗市,,否
6001007010,苗栗縣造橋鄉,,否
6001007011,苗栗縣頭屋鄉,,否
6001007012,苗栗縣公館鄉,,否
6001007013,苗栗縣大湖鄉,,否
6001007014,苗栗縣泰安鄉,,否
6001007015,苗栗縣銅鑼鄉,,否
6001007016,苗栗縣三義鄉,,否
6001007017,苗栗縣西湖鄉,,否
6001007018,苗栗縣卓蘭鎮,,否
6001008000,台中市,,否
6001008001,台中市中區,,否
6001008002,台中市東區,,否
6001008003,台中市南區,,否
6001008004,台中市西區,,否
6001008005,台中市北區,,否
6001008006,台中市北屯區,,否
6001008007,台中市西屯區,,否
6001008008,台中市南屯區,,否
6001009000,台中市(原台中縣),,是
6001009001,台中市太平區,,是
6001009002,台中市大里區,,是
6001009003,台中市霧峰區,,是
6001009004,台中市烏日區,,是
6001009005,台中市豐原區,,是
6001009006,台中市后里區,,是
6001009007,台中市石岡區,,是
6001009008,台中市東勢區,,是
6001009009,台中市和平區,,是
6001009010,台中市新社區,,是
6001009011,台中市潭子區,,是
6001009012,台中市大雅區,,是
6001009013,台中市神岡區,,是
6001009014,台中市大肚區,,是
6001009015,台中市沙鹿區,,是
6001009016,台中市龍井區,,是
6001009017,台中市梧棲區,,是
6001009018,台中市清水區,,是
6001009019,台中市大甲區,,是
6001009020,台中市外埔區,,是
6001009021,台中市大安區,,是
6001010000,彰化縣,,否
6001010001,彰化縣彰化市,,否
6001010002,彰化縣芬園鄉,,否
6001010003,彰化縣花壇鄉,,否
6001010004,彰化縣秀水鄉,,否
6001010005,彰化縣鹿港鎮,,否
6001010006,彰化縣福興鄉,,否
6001010007,彰化縣線西鄉,,否
6001010008,彰化縣和美鎮,,否
6001010009,彰化縣伸港鄉,,否
6001010010,彰化縣員林市,,否
6001010011,彰化縣社頭鄉,,否
6001010012,彰化縣永靖鄉,,否
6001010013,彰化縣埔心鄉,,否
6001010014,彰化縣溪湖鎮,,否
6001010015,彰化縣大村鄉,,否
6001010016,彰化縣埔鹽鄉,,否
6001010017,彰化縣田中鎮,,否
6001010018,彰化縣北斗鎮,,否
6001010019,彰化縣田尾鄉,,否
6001010020,彰化縣埤頭鄉,,否
6001010021,彰化縣溪州鄉,,否
6001010022,彰化縣竹塘鄉,,否
6001010023,彰化縣二林鎮,,否
6001010024,彰化縣大城鄉,,否
6001010025,彰化縣芳苑鄉,,否
6001010026,彰化縣二水鄉,,否
6001011000,南投縣,,否
6001011001,南投縣南投市,,否
6001011002,南投縣中寮鄉,,否
6001011003,南投縣草屯鎮,,否
6001011004,南投縣國姓鄉,,否
6001011005,南投縣埔里鎮,,否
6001011006,南投縣仁愛鄉,,否
6001011007,南投縣名間鄉,,否
6001011008,南投縣集集鎮,,否
6001011009,南投縣水里鄉,,否
6001011010,南投縣魚池鄉,,否
6001011011,南投縣信義鄉,,否
6001011012,南投縣竹山鎮,,否
6001011013,南投縣鹿谷鄉,,否
6001012000,雲林縣,,否
6001012001,雲林縣斗南鎮,,否
6001012002,雲林縣大埤鄉,,否
6001012003,雲林縣虎尾鎮,,否
6001012004,雲林縣土庫鎮,,否
6001012005,雲林縣褒忠鄉,,否
6001012006,雲林縣東勢鄉,,否
6001012007,雲林縣台西鄉,,否
6001012008,雲林縣崙背鄉,,否
6001012009,雲林縣麥寮鄉,,否
6001012010,雲林縣斗六市,,否
6001012011,雲林縣林內鄉,,否
6001012012,雲林縣古坑鄉,,否
6001012013,雲林縣莿桐鄉,,否
6001012014,雲林縣西螺鎮,,否
6001012015,雲林縣二崙鄉,,否
6001012016,雲林縣北港鎮,,否
6001012017,雲林縣水林鄉,,否
6001012018,雲林縣口湖鄉,,否
6001012019,雲林縣四湖鄉,,否
6001012020,雲林縣元長鄉,,否
6001013000,嘉義縣市,,否
6001013001,嘉義市,,否
6001013002,嘉義縣番路鄉,,否
6001013003,嘉義縣梅山鄉,,否
6001013004,嘉義縣竹崎鄉,,否
6001013005,嘉義縣阿里山鄉,,否
6001013006,嘉義縣中埔鄉,,否
6001013007,嘉義縣大埔鄉,,否
6001013008,嘉義縣水上鄉,,否
6001013009,嘉義縣鹿草鄉,,否
6001013010,嘉義縣太保市,,否
6001013011,嘉義縣朴子市,,否
6001013012,嘉義縣東石鄉,,否
6001013013,嘉義縣六腳鄉,,否
6001013014,嘉義縣新港鄉,,否
6001013015,嘉義縣民雄鄉,,否
6001013016,嘉義縣大林鎮,,否
6001013017,嘉義縣溪口鄉,,否
6001013018,嘉義縣義竹鄉,,否
6001013019,嘉義縣布袋鎮,,否
6001014000,台南市,,否
6001014001,台南市中西區,,否
6001014002,台南市東區,,否
6001014003,台南市南區,,否
6001014004,台南市北區,,否
6001014005,台南市安平區,,否
6001014006,台南市安南區,,否
6001015000,台南市(原台南縣),,是
6001015001,台南市永康區,,是
6001015002,台南市歸仁區,,是
6001015003,台南市新化區,,是
6001015004,台南市左鎮區,,是
6001015005,台南市玉井區,,是
6001015006,台南市楠西區,,是
6001015007,台南市南化區,,是
6001015008,台南市仁德區,,是
6001015009,台南市關廟區,,是
6001015010,台南市龍崎區,,是
6001015011,台南市官田區,,是
6001015012,台南市麻豆區,,是
6001015013,台南市佳里區,,是
6001015014,台南市西港區,,是
6001015015,台南市七股區,,是
6001015016,台南市將軍區,,是
6001015017,台南市學甲區,,是
6001015018,台南市北門區,,是
6001015019,台南市新營區,,是
6001015020,台南市後壁區,,是
6001015021,台南市白河區,,是
6001015022,台南市東山區,,是
6001015023,台南市六甲區,,是
6001015024,台南市下營區,,是
6001015025,台南市柳營區,,是
6001015026,台南市鹽水區,,是
6001015027,台南市善化區,,是
6001015028,台南市大內區,,是
6001015029,台南市山上區,,是
6001015030,台南市新市區,,是
6001015031,台南市安定區,,是
6001016000,高雄市,,否
6001016001,高雄市新興區,,否
6001016002,高雄市前金區,,否
6001016003,高雄市苓雅區,,否
6001016004,高雄市鹽埕區,,否
6001016005,高雄市鼓山區,,否
6001016006,高雄市旗津區,,否
6001016007,高雄市前鎮區,,否
6001016008,高雄市三民區,,否
6001016009,高雄市楠梓區,,否
6001016010,高雄市小港區,,否
6001016011,高雄市左營區,,否
6001017000,高雄市(原高雄縣),,是
6001017001,高雄市仁武區,,是
6001017002,高雄市大社區,,是
6001017003,高雄市岡山區,,是
6001017004,高雄市路竹區,,是
6001017005,高雄市阿蓮區,,是
6001017006,高雄市田寮區,,是
6001017007,高雄市燕巢區,,是
6001017008,高雄市橋頭區,,是
6001017009,高雄市梓官區,,是
6001017010,高雄市彌陀區,,是
6001017011,高雄市永安區,,是
6001017012,高雄市湖內區,,是
6001017013,高雄市鳳山區,,是
6001017014,高雄市大寮區,,是
6001017015,高雄市林園區,,是
6001017016,高雄市鳥松區,,是
6001017017,高雄市大樹區,,是
6001017018,高雄市旗山區,,是
6001017019,高雄市美濃區,,是
6001017020,高雄市六龜區,,是
6001017021,高雄市內門區,,是
6001017022,高雄市杉林區,,是
6001017023,高雄市甲仙區,,是
6001017024,高雄市桃源區,,是
6001017025,高雄市那瑪夏區,,是
6001017026,高雄市茂林區,,是
6001017027,高雄市茄萣區,,是
6001018000,屏東縣,,否
6001018001,屏東縣屏東市,,否
6001018002,屏東縣三地門鄉,,否
6001018003,屏東縣霧台鄉,,否
6001018004,屏東縣瑪家鄉,,否
6001018005,屏東縣九如鄉,,否
6001018006,屏東縣里港鄉,,否
6001018007,屏東縣高樹鄉,,否
6001018008,屏東縣鹽埔鄉,,否
6001018009,屏東縣長治鄉,,否
6001018010,屏東縣麟洛鄉,,否
6001018011,屏東縣竹田鄉,,否
6001018012,屏東縣內埔鄉,,否
6001018013,屏東縣萬丹鄉,,否
6001018014,屏東縣潮州鎮,,否
6001018015,屏東縣泰武鄉,,否
6001018016,屏東縣來義鄉,,否
6001018017,屏東縣萬巒鄉,,否
6001018018,屏東縣崁頂鄉,,否
6001018019,屏東縣新埤鄉,,否
6001018020,屏東縣南州鄉,,否
6001018021,屏東縣林邊鄉,,否
6001018022,屏東縣東港鎮,,否
6001018023,屏東縣琉球鄉,,否
6001018024,屏東縣佳冬鄉,,否
6001018025,屏東縣新園鄉,,否
6001018026,屏東縣枋寮鄉,,否
6001018027,屏東縣枋山鄉,,否
6001018028,屏東縣春日鄉,,否
6001018029,屏東縣獅子鄉,,否
6001018030,屏東縣車城鄉,,否
6001018031,屏東縣牡丹鄉,,否
6001018032,屏東縣恆春鎮,,否
6001018033,屏東縣滿州鄉,,否
6001019000,台東縣,,否
6001019001,台東縣台東市,,否
6001019002,台東縣綠島鄉,,否
6001019003,台東縣蘭嶼鄉,,否
6001019004,台東縣延平鄉,,否
6001019005,台東縣卑南鄉,,否
6001019006,台東縣鹿野鄉,,否
6001019007,台東縣關山鎮,,否
6001019008,台東縣海端鄉,,否
6001019009,台東縣池上鄉,,否
6001019010,台東縣東河鄉,,否
6001019011,台東縣成功鎮,,否
6001019012,台東縣長濱鄉,,否
6001019013,台東縣太麻里鄉,,否
6001019014,台東縣金峰鄉,,否
6001019015,台東縣大武鄉,,否
6001019016,台東縣達仁鄉,,否
6001020000,花蓮縣,,否
6001020001,花蓮縣花蓮市,,否
6001020002,花蓮縣新城鄉,,否
6001020003,花蓮縣秀林鄉,,否
6001020004,花蓮縣吉安鄉,,否
6001020005,花蓮縣壽豐鄉,,否
6001020006,花蓮縣鳳林鎮,,否
6001020007,花蓮縣光復鄉,,否
6001020008,花蓮縣豐濱鄉,,否
6001020009,花蓮縣瑞穗鄉,,否
6001020010,花蓮縣萬榮鄉,,否
6001020011,花蓮縣玉里鎮,,否
6001020012,花蓮縣卓溪鄉,,否
6001020013,花蓮縣富里鄉,,否
6001021000,澎湖縣,,否
6001021001,澎湖縣馬公市,,否
6001021002,澎湖縣西嶼鄉,,否
6001021003,澎湖縣望安鄉,,否
6001021004,澎湖縣七美鄉,,否
6001021005,澎湖縣白沙鄉,,否
6001021006,澎湖縣湖西鄉,,否
6001022000,金門縣,,否
6001022001,金門縣金沙鎮,,否
6001022002,金門縣金湖鎮,,否
6001022003,金門縣金寧鄉,,否
6001022004,金門縣金城鎮,,否
6001022005,金門縣烈嶼鄉,,否
6001022006,金門縣烏坵鄉,,否
6001023000,連江縣,,否
6001023001,連江縣南竿鄉,,否
6001023002,連江縣北竿鄉,,否
6001023003,連江縣莒光鄉,,否
6001023004,連江縣東引鄉,,否
6002001000,北京市,,否
6002001001,北京市,,否
6002002000,天津市,,否
6002002001,天津市,,否
6002003000,上海市,,否
6002003001,上海市,,否
6002004000,重慶市,,否
6002004001,重慶市,,否
6002005000,廣東省,,否
6002005001,廣東省廣州市,,否
6002005002,廣東省韶關市,,否
6002005003,廣東省深圳市,,否
6002005004,廣東省珠海市,,否
6002005005,廣東省汕頭市,,否
6002005006,廣東省佛山市,,否
6002005007,廣東省江門市,,否
6002005008,廣東省湛江市,,否
6002005009,廣東省茂名市,,否
6002005010,廣東省肇慶市,,否
6002005011,廣東省惠州市,,否
6002005012,廣東省梅州市,,否
6002005013,廣東省汕尾市,,否
6002005014,廣東省河源市,,否
6002005015,廣東省陽江市,,否
6002005016,廣東省清遠市,,否
6002005017,廣東省東莞市,,否
6002005018,廣東省中山市,,否
6002005019,廣東省潮州市,,否
6002005020,廣東省揭陽市,,否
6002005021,廣東省雲浮市,,否
6002006000,福建省,,否
6002006001,福建省福州市,,否
6002006002,福建省廈門市,,否
6002006003,福建省莆田市,,否
6002006004,福建省三明市,,否
6002006005,福建省泉州市,,否
6002006006,福建省漳州市,,否
6002006007,福建省南平市,,否
6002006008,福建省龍岩市,,否
6002006009,福建省寧德市,,否
6002007000,海南省,,否
6002007001,海南省海口市,,否
6002007002,海南省三亞市,,否
6002007003,海南省省直轄,,否
6002008000,浙江省,,否
6002008001,浙江省杭州市,,否
6002008002,浙江省寧波市,,否
6002008003,浙江省溫州市,,否
6002008004,浙江省嘉興市,,否
6002008005,浙江省湖州市,,否
6002008006,浙江省紹興市,,否
6002008007,浙江省金華市,,否
6002008008,浙江省衢州市,,否
6002008009,浙江省舟山市,,否
6002008010,浙江省台州市,,否
6002008011,浙江省麗水市,,否
6002009000,江蘇省,,否
6002009001,江蘇省蘇州市,,否
6002009002,江蘇省南京市,,否
6002009003,江蘇省無錫市,,否
6002009004,江蘇省徐州市,,否
6002009005,江蘇省常州市,,否
6002009006,江蘇省南通市,,否
6002009007,江蘇省連雲港市,,否
6002009008,江蘇省淮安市,,否
6002009009,江蘇省鹽城市,,否
6002009010,江蘇省揚州市,,否
6002009011,江蘇省鎮江市,,否
6002009012,江蘇省泰州市,,否
6002009013,江蘇省宿遷市,,否
6002010000,山東省,,否
6002010001,山東省濟南市,山東省濟南市包括：章丘市,否
6002010002,山東省青島市,山東省青南市包括：膠州市、即墨市、平度市、膠南市、萊西市,否
6002010003,山東省淄博市,,否
6002010004,山東省棗庄市,山東省棗壓市包括：滕州市,否
6002010005,山東省東營市,,否
6002010006,山東省煙台市,山東省煙台市包括：龍口市、萊陽市、萊州市、蓬萊市、招遠市、棲霞市、海陽市,否
6002010007,山東省濰坊市,山東省濰坊市包括：青州市、諸城市、壽光市、安丘市、高密市、昌邑市,否
6002010008,山東省濟寧市,山東省濟寧市包括：曲阜市、兗州市、鄒城市,否
6002010009,山東省泰安市,山東省泰安市包括：新泰市、肥城市,否
6002010010,山東省威海市,山東省威海市包括：文登市、榮成市、乳山市,否
6002010011,山東省日照市,,否
6002010012,山東省萊蕪市,,否
6002010013,山東省臨沂市,,否
6002010014,山東省德州市,山東省德州市包括：樂陵市、禹城市,否
6002010015,山東省聊城市,山東省聊城市包括：臨清市,否
6002010016,山東省濱州市,,否
6002010017,山東省荷澤市,,否
6002011000,河北省,,否
6002011001,河北省石家庄市,河北省石家庄市包括：辛集市、槁城市、晉州市、新樂市、鹿泉市,否
6002011002,河北省唐山市,河北省唐山市包括：遵化市、遷安市,否
6002011003,河北省秦皇島市,,否
6002011004,河北省邯鄲市,河北省邯鄲市包括：武安市,否
6002011005,河北省邢台市,河北市邢台市包括：南?市、沙河市,否
6002011006,河北省保定市,河北省保定市包括：涿州市、定州市、安國市、高碑店市,否
6002011007,河北省張家口市,,否
6002011008,河北省承德市,,否
6002011009,河北省滄州市,河北省滄州市包括：泊頭市、任丘市、黃驊市、河間市,否
6002011010,河北省廊坊市,河北省廊坊市包括：霸州市、三河市,否
6002011011,河北省衡水市,河北省衡水市包括：冀州市、深州市,否
6002012000,遼寧省,,否
6002012001,遼寧省瀋陽市,遼寧省瀋陽市包括：新民市,否
6002012002,遼寧省大連市,遼寧省大連市包括：瓦房店市、普蘭店市、庄河市,否
6002012003,遼寧省鞍山市,遼寧省鞍山市包括：海城市,否
6002012004,遼寧省撫順市,,否
6002012005,遼寧省本溪市,,否
6002012006,遼寧省丹東市,遼寧省丹東市包括：東港市、鳳城市,否
6002012007,遼寧省錦州市,遼寧省錦州市包括：凌海市、北寧市,否
6002012008,遼寧省營口市,遼寧省營口市包括：蓋州市、大石橋市,否
6002012009,遼寧省阜新市,,否
6002012010,遼寧省遼陽市,遼寧省遼陽市包括：燈塔市,否
6002012011,遼寧省盤錦市,,否
6002012012,遼寧省鐵嶺市,遼寧省鐵嶺市包括：調兵山市、開原市,否
6002012013,遼寧省朝陽市,遼寧省朝陽市包括：北票市、凌源市,否
6002012014,遼寧省葫蘆島市,遼寧省葫蘆島市包括：興城市,否
6002013000,吉林省,,否
6002013001,吉林省長春市,吉林省長春市包括：九台市、榆樹市、德惠市,否
6002013002,吉林省吉林市,吉林省吉林市包括：蛟河市、樺甸市、舒蘭市、磐石市,否
6002013003,吉林省四平市,吉林省四平市包括：公主岭市、?遼市,否
6002013004,吉林省遼源市,,否
6002013005,吉林省通化市,吉林省通化市包括：梅河口市、集安市,否
6002013006,吉林省白山市,吉林省白山市包括：臨江市,否
6002013007,吉林省松原市,,否
6002013008,吉林省白城市,吉林省白城市包括：洮南市、大安市,否
6002013009,吉林省延邊朝鮮族自治州,吉林省延邊朝鮮族自治州包括：延吉市、圖們市、敦化市、琿春市、龍井市、和龍市,否
6002014000,黑龍江省,,否
6002014001,黑龍江省哈爾濱市,黑龍江省哈爾濱市包括：阿城市、?城市、尚志市、五常市、,否
6002014002,黑龍江省齊齊哈爾市,黑龍江省齊齊哈爾市包括：訥河市,否
6002014003,黑龍江省雞西市,黑龍江省雞西市包括：虎林市、密山市,否
6002014004,黑龍江省鶴崗市,,否
6002014005,黑龍江省雙鴨山市,,否
6002014006,黑龍江省大慶市,,否
6002014007,黑龍江省伊春市,黑龍江省伊春市包括：鐵力市,否
6002014008,黑龍江省佳木斯市,黑龍江省佳木斯市包括：同江市、富?市,否
6002014009,黑龍江省七台河市,,否
6002014010,黑龍江省牡丹江市,黑龍江省牡丹江市包括：綏芬河市、海林市、寧安市、穆棱市,否
6002014011,黑龍江省黑河市,黑龍江省黑河市包括：北安市、五大連池市,否
6002014012,黑龍江省綏化市,黑龍江省綏化市包括：安達市、肇東市、海倫市,否
6002014013,黑龍江省大興安嶺地區,,否
6002015000,湖南省,,否
6002015001,湖南省長沙市,湖南省長沙市包括：瀏陽市,否
6002015002,湖南省株洲市,,否
6002015003,湖南省湘潭市,湖南省湘潭市包括：湘鄉市、韶山市,否
6002015004,湖南省衡陽市,湖南省衡陽市包括：耒陽市、常寧市,否
6002015005,湖南省邵陽市,湖南省邵陽市包括：武岡市,否
6002015006,湖南省岳陽市,湖南省岳陽市包括：汨羅市、臨湘市,否
6002015007,湖南省常德市,湖南省常德市包括：津市市,否
6002015008,湖南省張家界市,,否
6002015009,湖南省益陽市,湖南省益陽市包括：沅江市,否
6002015010,湖南省郴州市,湖南省郴州市包括：資興市,否
6002015011,湖南省永州市,,否
6002015012,湖南省懷化市,湖南省懷化市包括：洪江市,否
6002015013,湖南省婁底市,湖南省婁底市包括：冷水江市、漣源市,否
6002015014,湖南省湘西土家族苗族自治州,湖南省湘西土家族苗族自治州包括：,否
6002016000,湖北省,,否
6002016001,湖北省武漢市,,否
6002016002,湖北省黃石市,湖北省黃石市包括：大冶市,否
6002016003,湖北省十堰市,湖北省十堰市包括：丹江口市,否
6002016004,湖北省宜昌市,湖北省宜昌市包括：宜都市、當陽市、枝江市,否
6002016005,湖北省襄樊市,湖北省襄樊市包括：老河口市、棗陽市、宜城市,否
6002016006,湖北省鄂州市,,否
6002016007,湖北省荊門市,湖北省荊門市包括：鐘祥市,否
6002016008,湖北省孝感市,湖北省孝感市包括：應城市、安陸市、漢川市,否
6002016009,湖北省荊州市,湖北省荊州市包括：石首市、洪湖市、松滋市,否
6002016010,湖北省黃岡市,湖北省黃岡市包括：麻城市、武穴市,否
6002016011,湖北省咸寧市,湖北省咸寧市包括：赤壁市,否
6002016012,湖北省隨州市,湖北省隨州市包括：廣水市,否
6002016013,湖北省神衣架林區,,否
6002016014,湖北省天門市,,否
6002016015,湖北省替江市,,否
6002016016,湖北省仙桃市,,否
6002016017,湖北省恩施土家族苗族自治州,湖北省恩施土家族苗族自治州包括：恩施市、利川市,否
6002016018,湖北省省直轄,,否
6002017000,江西省,,否
6002017001,江西省南昌市,,否
6002017002,江西省景德鎮市,江西省景德鎮市包括：樂平市,否
6002017003,江西省萍鄉市,,否
6002017004,江西省九江市,江西省九江市包括：瑞昌市,否
6002017005,江西省新余市,,否
6002017006,江西省鷹潭市,,否
6002017007,江西省贛州市,江西省贛州市包括：瑞金市、南康市,否
6002017008,江西省吉安市,江西省吉安市包括：井岡山市,否
6002017009,江西省宜春市,江西省宜春市包括：丰城市、樟樹市、高安市,否
6002017010,江西省撫州市,,否
6002017011,江西省上饒市,江西省上饒市包括：德興市,否
6002018000,安徽省,,否
6002018001,安徽省合肥市,,否
6002018002,安徽省蕪湖市,,否
6002018003,安徽省蚌埠市,,否
6002018004,安徽省淮南市,,否
6002018005,安徽省馬鞍山市,,否
6002018006,安徽省淮北市,,否
6002018007,安徽省銅陵市,,否
6002018008,安徽省安慶市,安徽省安慶市包括：桐城市,否
6002018009,安徽省黃山市,,否
6002018010,安徽省滁州市,安徽省滁州市包括：天長市、明光市,否
6002018011,安徽省阜陽市,安徽省阜陽市包括：界首市,否
6002018012,安徽省宿州市,,否
6002018013,安徽省巢湖市,,否
6002018014,安徽省六安市,,否
6002018015,安徽省亳州市,,否
6002018016,安徽省池州市,,否
6002018017,安徽省宣城市,安徽省宣城市包括：寧國市,否
6002019000,河南省,,否
6002019001,河南省鄭州市,河南省鄭州市包括：鞏義市、滎陽市、新密市、新鄭市、登封市、,否
6002019002,河南省開封市,,否
6002019003,河南省洛陽市,河南省洛陽市包括：偃師市,否
6002019004,河南省平頂山市,河南省平頂山市包括：舞鋼市、汝州市,否
6002019005,河南省安陽市,河南省安陽市包括：林州市,否
6002019006,河南省鶴壁市,,否
6002019007,河南省新鄉市,河南省新鄉市包括：衛輝市、輝縣市,否
6002019008,河南省焦作市,河南省焦作市包括：濟源市、沁陽市、孟州市,否
6002019009,河南省濮陽市,,否
6002019010,河南省許昌市,河南省許昌市包括：禹州市、長葛市,否
6002019011,河南省漯河市,,否
6002019012,河南省三門峽市,河南省三門峽市包括：義馬市、靈寶市,否
6002019013,河南省南陽市,河南省南陽市包括：鄧州市,否
6002019014,河南省商丘市,河南省商丘市包括：永城市,否
6002019015,河南省信陽市,,否
6002019016,河南省周口市,河南省周口市包括：項城市,否
6002019017,河南省駐馬店市,,否
6002019018,河南省濟源市,,否
6002019019,河南省省直轄,,否
6002020000,山西省,,否
6002020001,山西省太原市,山西省太原市包括：古交市,否
6002020002,山西省大同市,,否
6002020003,山西省陽泉市,,否
6002020004,山西省長治市,山西省長治市包括：潞城市,否
6002020005,山西省晉城市,山西省晉城市包括：高平市,否
6002020006,山西省朔州市,,否
6002020007,山西省晉中市,山西省晉中市包括：介休市,否
6002020008,山西省運城市,山西省運城市包括：永濟市、河津市,否
6002020009,山西省忻州市,山西省忻州市包括：原平市,否
6002020010,山西省臨汾市,山西省臨汾市包括：侯馬市、霍州市,否
6002020011,山西省呂梁市,山西省呂梁市包括：孝義市、汾陽市,否
6002021000,陜西省,,否
6002021001,陜西省西安市,,否
6002021002,陜西省銅川市,,否
6002021003,陜西省寶雞市,,否
6002021004,陜西省咸陽市,陜西省咸陽市包括：興平市,否
6002021005,陜西省渭南市,陜西省渭南市包括：華陰市,否
6002021006,陜西省延安市,,否
6002021007,陜西省漢中市,,否
6002021008,陜西省榆林市,,否
6002021009,陜西省安康市,,否
6002021010,陜西省商洛市,,否
6002022000,甘肅省,,否
6002022001,甘肅省蘭州市,,否
6002022002,甘肅省嘉峪關市,,否
6002022003,甘肅省白銀市,,否
6002022004,甘肅省天水市,,否
6002022005,甘肅省武威市,,否
6002022006,甘肅省張掖市,,否
6002022007,甘肅省平涼市,,否
6002022008,甘肅省酒泉市,甘肅省酒泉市包括：玉門市、敦煌市,否
6002022009,甘肅省慶陽市,,否
6002022010,甘肅省定西市,,否
6002022011,甘肅省隴南市,,否
6002022012,甘肅省金昌市,,否
6002022013,甘肅省臨夏回族自治州,甘肅省臨夏回族自治州包括：臨夏市,否
6002022014,甘肅省甘南藏族自治州,甘肅省甘南藏族自治州包括：合作市,否
6002023000,青海省,,否
6002023001,青海省西寧市,,否
6002023002,青海省海東地區,,否
6002023003,青海省海北藏族自治州,,否
6002023004,青海省黃南藏族自治州,,否
6002023005,青海省海南藏族自治州,,否
6002023006,青海省果洛藏族自治州,,否
6002023007,青海省玉樹藏族自治州,,否
6002023008,青海省海西蒙古族藏族自治州,青海省海西蒙古族藏族自治州包括：格爾木市、德令哈市,否
6002024000,四川省,,否
6002024001,四川省成都市,四川省成都市包括：都江堰市、彭州市、邛崍市、崇州市,否
6002024002,四川省自貢市,,否
6002024003,四川省攀枝花市,,否
6002024004,四川省瀘州市,,否
6002024005,四川省德陽市,四川省德陽市包括：廣漢市、什邡市、綿竹市,否
6002024006,四川省綿陽市,四川省綿陽市包括：江油市,否
6002024007,四川省廣元市,,否
6002024008,四川省遂寧市,,否
6002024009,四川省內江市,,否
6002024010,四川省樂山市,四川省樂山市包括：峨眉山市,否
6002024011,四川省南充市,四川省南充市包括：閬中市,否
6002024012,四川省眉山市,,否
6002024013,四川省宜賓市,,否
6002024014,四川省廣安市,四川省廣安市包括：華鎣市,否
6002024015,四川省達州市,四川省達州市包括：萬源市,否
6002024016,四川省雅安市,,否
6002024017,四川省巴中市,,否
6002024018,四川省資陽市,四川省資陽市包括：簡陽市,否
6002024019,四川省阿壩藏族羌族自治州,,否
6002024020,四川省甘孜藏族自治州,,否
6002024021,四川省涼山彝族自治州,四川省涼山彝族自治州包括：西昌市,否
6002025000,貴州省,,否
6002025001,貴州省貴陽市,,否
6002025002,貴州省六盤水市,,否
6002025003,貴州省遵義市,貴州省遵義市包括：赤水市、仁懷市,否
6002025004,貴州省安順市,貴州省安順市包括：銅仁市、興義市、畢節市,否
6002025005,貴州省銅仁地區,,否
6002025006,貴州省黔西南布依族苗族自治州,,否
6002025007,貴州省畢節地區,,否
6002025008,貴州省黔東南苗族侗族自治州,貴州省黔東南苗族侗族自治州包括：凱里市,否
6002025009,貴州省黔南布依族苗族自治州,貴州省黔南布依族苗族自治州包括：都?市、福泉市,否
6002026000,雲南省,,否
6002026001,雲南省昆明市,雲南省昆明市包括：安寧市,否
6002026002,雲南省曲靖市,雲南省曲靖市包括：宣威市,否
6002026003,雲南省玉溪市,,否
6002026004,雲南省保山市,,否
6002026005,雲南省昭通市,,否
6002026006,雲南省麗江市,,否
6002026007,雲南省思茅市,,否
6002026008,雲南省臨滄市,,否
6002026009,雲南省楚雄彝族自治州,雲南省楚雄彝族自治州包括：楚雄市,否
6002026010,雲南省紅河哈尼族彝族自治洲,雲南省紅河哈尼族彝族自治州包括：個舊市、開遠市,否
6002026011,雲南省文山壯族苗族自治州,,否
6002026012,雲南省西雙版納傣族自治州,雲南省西雙版納傣族自治州包括：景洪市,否
6002026013,雲南省大理白族自治州,雲南省大理白族自治州包括：大理市,否
6002026014,雲南省德宏傣族景頗族自治州,雲南省德宏傣族景頗族自治州包括：瑞麗市、潞西市,否
6002026015,雲南省怒江僳族自治州,,否
6002026016,雲南省迪慶藏族自治州,,否
6002027000,內蒙古自治區,,否
6002027001,內蒙古呼和浩特市,,否
6002027002,內蒙古包頭市,,否
6002027003,內蒙古烏海市,,否
6002027004,內蒙古赤峰市,,否
6002027005,內蒙古通遼市,內蒙古通遼市包括：霍林郭勒市,否
6002027006,內蒙古鄂爾多斯市,,否
6002027007,內蒙古呼倫貝爾市,內蒙古呼倫貝爾市包括：滿州里市、牙克石市、扎蘭屯市、額爾古納市、根河市、,否
6002027008,內蒙古巴彥淖爾市,,否
6002027009,內蒙古烏蘭察布市,內蒙古烏蘭察布市包括：豐鎮市、烏蘭浩特市、阿爾山市、二連浩特市、錫林浩特市,否
6002027010,內蒙古興安盟,,否
6002027011,內蒙古錫林郭勒盟,,否
6002027012,內蒙古阿拉善盟,,否
6002028000,西藏自治區,,否
6002028001,西藏拉薩市,西藏拉薩市包括：昌都地?,否
6002028002,西藏昌都地區,,否
6002028003,西藏山南地區,,否
6002028004,西藏日喀則地區,西藏日喀則地區包括：日喀則市,否
6002028005,西藏那曲地區,,否
6002028006,西藏阿里地區,,否
6002028007,西藏林芝地區,,否
6002029000,寧夏回族自治區,,否
6002029001,寧夏銀川市,,否
6002029002,寧夏石嘴山市,,否
6002029003,寧夏吳忠市,,否
6002029004,寧夏固原市,,否
6002029005,寧夏中衛市,,否
6002030000,新疆維吾爾自治區,,否
6002030001,新疆烏魯木齊市,,否
6002030002,新疆克拉瑪依市,,否
6002030003,新疆吐魯番地區,新疆吐魯番地區包括：吐魯番市,否
6002030004,新疆哈密地區,新疆哈密地區包括：哈密市,否
6002030005,新疆昌吉回族自治州,新疆昌吉回族自治州包括：昌吉市、阜康市、米泉市,否
6002030006,新疆博爾塔拉蒙古自治州,新疆博爾塔拉蒙古自治州包括：博爾市,否
6002030007,新疆巴音郭楞蒙古自治州,新疆巴音郭楞蒙古自治州包括：庫爾勒市,否
6002030008,新疆阿克蘇地區,新疆阿克蘇地區包括：阿克蘇市,否
6002030009,新疆克孜勒蘇柯爾克孜自治州,新疆克孜勒蘇柯爾克孜自治州包括：阿圖什市,否
6002030010,新疆喀什地區,新疆喀什地區包括：喀什市,否
6002030011,新疆和田地區,新疆和田地區包括：和田市,否
6002030012,新疆伊犁哈薩克自治州,新疆伊犁哈薩克自治州包括：伊寧市、奎屯市,否
6002030013,新疆塔城地區,新疆塔城地區包括：塔城市、烏蘇市,否
6002030014,新疆阿勒泰地區,新疆阿勒泰地區包括：阿勒泰市,否
6002031000,廣西壯族自治區,,否
6002031001,廣西南寧市,,否
6002031002,廣西柳州市,,否
6002031003,廣西桂林市,,否
6002031004,廣西梧州市,廣西梧州市包括：岑溪市,否
6002031005,廣西北海市,廣西北海市包括：東興市,否
6002031006,廣西防城港市,,否
6002031007,廣西欽州市,,否
6002031008,廣西貴港市,廣西貴港市包括：桂平市,否
6002031009,廣西玉林市,廣西玉林市包括：廣西玉林市,否
6002031010,廣西百色市,,否
6002031011,廣西賀州市,,否
6002031012,廣西河池市,廣西河池市包括：宜州市、來賓市、合山市,否
6002031013,廣西來賓市,,否
6002031014,廣西崇左市,廣西崇左市包括：憑祥市,否
6002032000,香港特別行政區,,否
6002032001,香港特別行政區,,否
6002033000,澳門特別行政區,,否
6002033001,澳門特別行政區,,否
6003001000,東北亞,,否
6003001001,日本,,否
6003001002,北韓,,否
6003001003,南韓,,否
6003002000,東南亞,,否
6003002001,越南,,否
6003002002,寮國,,否
6003002003,柬埔寨,,否
6003002004,緬甸,,否
6003002005,泰國,,否
6003002006,馬來西亞,,否
6003002007,新加坡,,否
6003002008,菲律賓,,否
6003002009,汶萊,,否
6003002010,印尼,,否
6003003000,亞洲其他,,否
6003003001,阿富汗,,否
6003003002,巴林,,否
6003003003,伊朗,,否
6003003004,伊拉克,,否
6003003005,以色列,,否
6003003006,約旦,,否
6003003007,科威特,,否
6003003008,黎巴嫩,,否
6003003009,阿曼,,否
6003003010,卡達,,否
6003003011,沙烏地阿拉伯,,否
6003003012,敘利亞,,否
6003003013,土耳其,,否
6003003014,阿拉伯大公國,,否
6003003015,葉門,,否
6003003016,孟加拉,,否
6003003017,不丹,,否
6003003018,印度,,否
6003003019,馬爾地夫,,否
6003003020,尼泊爾,,否
6003003021,巴基斯坦,,否
6003003022,斯里蘭卡,,否
6003003023,蒙古,,否
6003003024,俄羅斯,,否
6003003025,亞美尼亞,,否
6003003026,亞塞拜然,,否
6003003027,白俄羅斯,,是
6003003028,賽普勒斯,隱藏,是
6003003029,喬治亞,,否
6003003030,摩爾多瓦,,是
6003003031,烏克蘭,,是
6003003032,東帝汶,,否
6003003033,哈薩克,,否
6003003034,吉爾吉斯,,否
6003003035,塔吉克,,否
6003003036,土庫曼,,否
6003003037,烏茲別克,,否
6004001000,紐澳,,否
6004001001,澳州,,否
6004001002,紐西蘭,,否
6004001003,巴布亞紐幾內亞,,否
6004002000,大洋洲其他,,否
6004002001,庫克群島,,否
6004002002,斐濟,,否
6004002003,吉里巴斯,,否
6004002004,馬爾地夫,,是
6004002005,馬紹爾群島,,否
6004002006,密克羅尼西亞,,否
6004002007,諾魯,,否
6004002008,紐埃,,否
6004002009,帛琉,,否
6004002010,薩摩亞,,否
6004002011,索羅門群島,,否
6004002012,東加,,否
6004002013,吐瓦魯,,否
6004002014,萬那杜,,否
6005001000,加拿大,,否
6005001001,加拿大,,否
6005002000,美東地區,,否
6005002001,美國康乃狄克州,,否
6005002002,美國麻塞諸塞州,美國麻塞諸塞洲包括：波士頓,否
6005002003,美國緬因州,,否
6005002004,美國新罕布什爾州,,否
6005002005,美國羅得島州,,否
6005002006,美國佛蒙特州,,否
6005002007,美國哥倫比亞特區州,,否
6005002008,美國德拉瓦州,,否
6005002009,美國馬里蘭州,美國馬里蘭洲包括：巴爾的摩,否
6005002010,美國新澤西州,,否
6005002011,美國紐約州,美國紐約洲包括：紐約、雪城、水牛城,否
6005002012,美國賓夕凡尼亞州,美國賓夕凡尼亞洲包括：費拉德爾菲亞〈費城〉、匹茲堡,否
6005002013,美國阿拉巴馬州,,否
6005002014,美國阿肯色州,美國阿肯色洲包括：小岩石城,否
6005002015,美國佛羅里達州,美國佛羅里達洲包括：傑克遜維爾、邁阿密、奧蘭多、坦帕、羅得岱堡,否
6005002016,美國喬治亞州,美國喬治亞洲包括：亞特蘭大,否
6005002017,美國肯塔基州,,否
6005002018,美國路易斯安那州,美國路易斯安那洲包括：紐奧良(新奧爾良),否
6005002019,美國密西西比州,,否
6005002020,美國北卡羅萊納州,美國北卡羅萊納洲包括：洛利、夏洛特,否
6005002021,美國南卡羅萊納州,,否
6005002022,美國田納西州,美國田納西洲包括：孟菲斯、納許維爾,否
6005002023,美國維吉尼亞州,美國維吉尼亞洲包括：維吉尼亞灘,否
6005002024,美國西維吉尼亞州,,否
6005003000,美西地區,,否
6005003001,美國加利佛尼亞州,美國加利佛尼亞洲包括：洛杉磯、聖地牙哥、聖荷西、舊金山、長灘、沙加緬度、佛列斯諾、奧克蘭,否
6005003002,美國科羅拉多州,美國科羅拉多洲包括：丹佛、科羅拉多斯普林斯,否
6005003003,美國愛達荷州,,否
6005003004,美國蒙大拿州,,否
6005003005,美國內華達州,美國內華達洲包括：拉斯維加斯,否
6005003006,美國俄勒岡州,美國俄勒岡洲包括：波特蘭,否
6005003007,美國猶他州,美國猶他洲包括：鹽湖城,否
6005003008,美國華盛頓州,,否
6005003009,美國懷俄明州,,否
6005003010,美國阿拉斯加州,美國阿拉斯加洲包括：安克拉治,否
6005003011,美國夏威夷州,,否
6005004000,美中地區,,否
6005004001,美國愛荷華州,,否
6005004002,美國伊利諾州,美國伊利諾洲包括：芝加哥,否
6005004003,美國印地安那州,美國印地安那洲包括：印地安那波利斯,否
6005004004,美國堪薩斯州,美國堪薩斯洲包括：威奇塔,否
6005004005,美國密西根州,,否
6005004006,美國明尼蘇達州,美國明尼蘇達洲包括：明尼阿波利斯、明尼亞玻理斯,否
6005004007,美國密蘇里州,美國密蘇里洲包括：堪薩斯市、聖路易、底特律、堪薩斯城,否
6005004008,美國北達科達州,,否
6005004009,美國內布拉斯加州,美國內布拉斯加洲包括：歐馬哈,否
6005004010,美國俄亥俄州,美國俄亥俄洲包括：哥倫布、克里夫蘭、辛辛那提,否
6005004011,美國南達科達州,,否
6005004012,美國威斯康辛州,美國威斯康辛州包括：密爾沃基、米爾瓦基,否
6005004013,美國亞利桑那州,美國亞利桑那洲包括：鳳凰城、吐桑、梅薩,否
6005004014,美國新墨西哥州,美國新墨西哥洲包括：阿波寇爾克(阿爾布凱克)、愛伯克奇,否
6005004015,美國奧克拉荷馬州,美國奧克拉荷馬洲包括：奧克拉荷馬城、土薩,否
6005004016,美國德克薩斯州,美國德克薩斯洲包括：休士頓、聖安東尼奧、達拉斯、沃斯堡、埃爾帕索、阿靈頓,否
6006001000,中美洲,中美洲,否
6006001001,貝里斯,,否
6006001002,哥斯大黎加,,否
6006001003,薩爾瓦多,,否
6006001004,瓜地馬拉,,否
6006001005,宏都拉斯,,否
6006001006,尼加拉瓜,,否
6006001007,巴拿馬,,否
6006001008,烏拉圭,,是
6006001009,厄瓜多,,是
6006001010,哥倫比亞,,是
6006002000,南美洲,,否
6006002001,巴拉圭,,否
6006002002,巴西,,否
6006002003,智利,,否
6006002004,玻利維亞,,否
6006002005,秘魯,,否
6006002006,蘇利南,,否
6006002007,阿根廷,,否
6007001000,北歐,,否
6007001001,挪威,,否
6007001002,瑞典,,否
6007001003,芬蘭,,否
6007001004,丹麥,,否
6007001005,冰島,,否
6007001006,阿爾巴尼亞,,否
6007001007,安道爾,,否
6007002000,南歐,,否
6007002001,波士尼亞赫塞哥維納,,否
6007002002,保加利亞,,否
6007002003,克羅埃西亞,,否
6007002004,賽普勒斯,,否
6007002005,希臘,,否
6007002006,義大利,,否
6007002007,馬其頓,,否
6007002008,馬爾他,,否
6007002009,葡萄牙,,否
6007002010,羅馬尼亞,,否
6007002011,聖馬利諾,,否
6007002012,塞爾維亞和黑山,,否
6007002013,斯洛維尼亞,,否
6007002014,西班牙,,否
6007003000,東歐,,否
6007003001,白俄羅斯,,否
6007003002,愛沙尼亞,,否
6007003003,拉脫維亞,,否
6007003004,立陶宛,,否
6007003005,摩爾多瓦,,否
6007003006,俄羅斯,,是
6007003007,烏克蘭,,否
6007004000,西歐,,否
6007004001,比利時,,否
6007004002,法國,,否
6007004003,愛爾蘭,,否
6007004004,盧森堡,,否
6007004005,摩納哥,,否
6007004006,荷蘭,,否
6007004007,英國,,否
6007005000,中歐,,否
6007005001,奧地利,,否
6007005002,捷克,,否
6007005003,德國,,否
6007005004,匈牙利,,否
6007005005,列支敦斯登,,否
6007005006,波蘭,,否
6007005007,斯洛伐克,,否
6007005008,瑞士,,否
6008001000,北非,,否
6008001001,阿爾及利亞,,否
6008001002,埃及,,否
6008001003,利比亞,,否
6008001004,蘇丹,,否
6008001005,突尼西亞,,否
6008001006,西撒哈拉,,否
6008001007,摩洛哥,,否
6008002000,中非,,否
6008002001,中非,,否
6008002002,喀麥隆,,否
6008002003,赤道幾內亞,,否
6008002004,加彭,,否
6008002005,剛果,,否
6008002006,剛果(金),,否
6008002007,聖多美和普林西比,,否
6008003000,南非,,否
6008003001,安哥拉,,否
6008003002,波札那,,否
6008003003,賴索托,,否
6008003004,馬達加斯加,,否
6008003005,馬拉威,,否
6008003006,模里西斯,,否
6008003007,莫三比克,,否
6008003008,納米比亞,,否
6008003009,史瓦濟蘭,,否
6008003010,南非,,否
6008003011,坦尚尼亞,,是
6008003012,尚比亞,,否
6008003013,辛巴威,,否
6008003014,留尼旺,,否
6008003015,聖赫倫那,,否
6008004000,東非,,否
6008004001,衣索比亞,,否
6008004002,蒲隆地,,否
6008004003,厄利垂亞,,否
6008004004,吉布地,,否
6008004005,葛摩,,否
6008004006,肯亞,,否
6008004007,盧安達,,否
6008004008,塞席爾,,否
6008004009,索馬利亞,,否
6008004010,坦尚尼亞,,否
6008004011,玻利維亞,,是
6008005000,西非,,否
6008005001,貝南,,否
6008005002,布吉納法索,,否
6008005003,查德,,否
6008005004,赤道幾內亞,,是
6008005005,多哥,,否
6008005006,維德角,,否
6008005007,甘比亞,,否
6008005008,幾內亞,,否
6008005009,幾內亞比索,,否
6008005010,迦納,,否
6008005011,加彭,,是
6008005012,喀麥隆,,是
6008005013,象牙海岸,,否
6008005014,賴比瑞亞,,否
6008005015,馬利,,否
6008005016,尼日,,否
6008005017,奈及利亞,,否
6008005018,獅子山,,否
6008005019,塞內加爾,,否
6008005020,聖多美和普林西比,,是
6002000000,大陸地區,,否
6003000000,其他亞洲,,否
6004000000,大洋洲,,否
6005000000,美加地區,,否
6006000000,中南美洲,,否
6001014007,台南市永康區,,否
6007000000,歐洲,,否
6001014008,台南市歸仁區,,否
6006002008,烏拉圭,,否
6008000000,非洲,,否
6001008009,台中市太平區,,否
6001014009,台南市新化區,,否
6006002009,厄瓜多,,否
6001008010,台中市大里區,,否
6001014010,台南市左鎮區,,否
6006002010,哥倫比亞,,否
6001008011,台中市霧峰區,,否
6001014011,台南市玉井區,,否
6006001011,墨西哥,,否
6006002011,多明尼加,多國位於大安地列斯群島中第二大島聖多明各島（SANTO DOMINGO 舊稱伊斯巴紐拉島）之東部，北臨大西洋，南濱加勒比海，西與海地共和國媲鄰，東隔摩納海峽(CANAL DE LA MONA) 與波多黎各島隔海相對，介乎西經68度-72度及北緯18度-20度之間，東西長430公里，南北寬268公里，海岸線總長1，576公里，總面積48,484平方公里，佔伊斯巴紐拉島面積74%。,否
6001008012,台中市烏日區,,否
6001014012,台南市楠西區,,否
6001016012,高雄市仁武區,,否
6005003012,美國關島,關島為美國領土，政治制度與美國各州相同，其面積 549 平方公里，約為台北市面積的兩倍；離台灣東南約 2，800 公里，飛行3個半小時即可到達。,否
6006001012,聖文森,聖國位於東加勒比海小安地列斯群島之向風群島中部，係由聖文森(St. Vincent)及格瑞納丁群島(The Grenadines)32個小島或礁岩所組成。,否
6006002012,委內瑞拉,,否
6008004012,烏干達,,否
6001008013,台中市豐原區,,否
6001014013,台南市南化區,,否
6001016013,高雄市大社區,,否
6006001013,古巴,,否
6006002013,法屬圭亞那,,否
6008004013,南蘇丹,,否
6001008014,台中市后里區,,否
6001014014,台南市仁德區,,否
6001016014,高雄市岡山區,,否
6006001014,聖露西亞,,否
6006002014,蓋亞那,,否
6001008015,台中市石岡區,,否
6001014015,台南市關廟區,,否
6001016015,高雄市路竹區,,否
6004002015,新喀里多尼亞,,否
6006001015,安地卡及巴布達,,否
6007002015,蒙特內哥羅,,否
6001008016,台中市東勢區,,否
6001014016,台南市龍崎區,,否
6001016016,高雄市阿蓮區,,否
6004002016,法屬玻里尼西亞,,否
6006001016,阿魯巴,,否
6007002016,梵蒂岡,,否
6001008017,台中市和平區,,否
6001014017,台南市官田區,,否
6001016017,高雄市田寮區,,否
6006001017,巴貝多,,否
6001008018,台中市新社區,,否
6001014018,台南市麻豆區,,否
6001016018,高雄市燕巢區,,否
6006001018,百慕達,,否
6001008019,台中市潭子區,,否
6001014019,台南市佳里區,,否
6001016019,高雄市橋頭區,,否
6006001019,巴哈馬,,否
6001008020,台中市大雅區,,否
6001014020,台南市西港區,,否
6001016020,高雄市梓官區,,否
6006001020,多米尼克,,否
6001008021,台中市神岡區,,否
6001014021,台南市七股區,,否
6001016021,高雄市彌陀區,,否
6006001021,瓜德羅普,,否
6008005021,茅利塔尼亞,,否
6001008022,台中市大肚區,,否
6001014022,台南市將軍區,,否
6001016022,高雄市永安區,,否
6006001022,海地,,否
6001008023,台中市沙鹿區,,否
6001014023,台南市學甲區,,否
6001016023,高雄市湖內區,,否
6006001023,牙買加,,否
6001008024,台中市龍井區,,否
6001014024,台南市北門區,,否
6001016024,高雄市鳳山區,,否
6006001024,聖克里斯多福及尼維斯,,否
6001008025,台中市梧棲區,,否
6001014025,台南市新營區,,否
6001016025,高雄市大寮區,,否
6006001025,蓋曼群島,,否
6001008026,台中市清水區,,否
6001014026,台南市後壁區,,否
6001016026,高雄市林園區,,否
6006001026,波多黎各,,否
6001008027,台中市大甲區,,否
6001014027,台南市白河區,,否
6001016027,高雄市鳥松區,,否
6006001027,千里達及托巴哥,,否
6001008028,台中市外埔區,,否
6001014028,台南市東山區,,否
6001016028,高雄市大樹區,,否
6006001028,英屬維京群島,,否
6001008029,台中市大安區,,否
6001014029,台南市六甲區,,否
6001016029,高雄市旗山區,,否
6006001029,美屬維京群島,,否
6001014030,台南市下營區,,否
6001016030,高雄市美濃區,,否
6006001030,荷屬安地列斯,,否
6001014031,台南市柳營區,,否
6001016031,高雄市六龜區,,否
6001014032,台南市鹽水區,,否
6001016032,高雄市內門區,,否
6001014033,台南市善化區,,否
6001016033,高雄市杉林區,,否
6001014034,台南市大內區,,否
6001016034,高雄市甲仙區,,否
6001014035,台南市山上區,,否
6001016035,高雄市桃源區,,否
6001014036,台南市新市區,,否
6001016036,高雄市那瑪夏區,,否
6001014037,台南市安定區,,否
6001016037,高雄市茂林區,,否
6001016038,高雄市茄萣區,,否
6003003038,巴勒斯坦,,否
